{"cameraMode":{"drawMode":0,"name":"Shaded","section":"Shading Mode"},"sceneLighting":true,"audioPlay":false,"sceneViewState":{"showFog":true,"showMaterialUpdate":false,"showSkybox":true,"showFlares":true,"showImageEffects":true,"showParticleSystems":true},"in2DMode":false,"pivot":{"x":-23.456640243530275,"y":17.859237670898439,"z":-15.379648208618164},"rotation":{"x":-0.26310688257217409,"y":-0.03533002734184265,"z":0.009464649483561516,"w":-0.9641112685203552},"size":2.490422010421753,"orthographic":false}